avg_min_degree,20,40
5,2.666667,2.666667

max_min_degree,20,40
5,3.000000,3.000000

trials_used,20,40
5,3,3
