avg_min_degree,10,20,40
5,1.000000,1.000000,1.000000

max_min_degree,10,20,40
5,1.000000,1.000000,1.000000

trials_used,10,20,40
5,1,1,1
