avg_min_degree,20,40,80
5,2.500000,2.000000,3.500000

max_min_degree,20,40,80
5,3.000000,2.000000,4.000000

trials_used,20,40,80
5,2,2,2
