avg_min_degree,20,40,80
5,2.000000,3.000000,3.000000

max_min_degree,20,40,80
5,2.000000,3.000000,3.000000

trials_used,20,40,80
5,1,1,1
